table_name,column_name,dtype,checkpoint
households,hh_id,int64,input_pre_processor
households,SERIALNO,object,input_pre_processor
households,PUMA,int64,input_pre_processor
households,WGTP,int64,input_pre_processor
households,NP,int64,input_pre_processor
households,HINCP,int64,input_pre_processor
households,VEH,int64,input_pre_processor
households,HUPAC,int64,input_pre_processor
households,REGION,int64,input_pre_processor
households,STATE,int64,input_pre_processor
households,NP_ADULTS,int64,input_pre_processor
persons,hh_id,int64,input_pre_processor
persons,SERIALNO,object,input_pre_processor
persons,per_num,int64,input_pre_processor
persons,PUMA,int64,input_pre_processor
persons,PWGTP,int64,input_pre_processor
persons,JWTRNS,int64,input_pre_processor
persons,ESR,int64,input_pre_processor
persons,SCH,int64,input_pre_processor
persons,SCHG,int64,input_pre_processor
persons,AGEP,int64,input_pre_processor
persons,SEX,int64,input_pre_processor
persons,RAC1P,int64,input_pre_processor
persons,HISP,int64,input_pre_processor
persons,WKHP,int64,input_pre_processor
persons,REGION,int64,input_pre_processor
persons,STATE,int64,input_pre_processor
geo_cross_walk,BG,int64,input_pre_processor
geo_cross_walk,STATE,int64,input_pre_processor
geo_cross_walk,COUNTY,int64,input_pre_processor
geo_cross_walk,TRACT,int64,input_pre_processor
geo_cross_walk,BLKGRPCE,int64,input_pre_processor
geo_cross_walk,NAMELSAD,object,input_pre_processor
geo_cross_walk,PUMA,int64,input_pre_processor
geo_cross_walk,REGION,int64,input_pre_processor
BG_control_data,STATE,int64,input_pre_processor
BG_control_data,NAME,object,input_pre_processor
BG_control_data,TRACT,int64,input_pre_processor
BG_control_data,BG,int64,input_pre_processor
BG_control_data,COUNTY,int64,input_pre_processor
BG_control_data,H_CHILDREN,int64,input_pre_processor
BG_control_data,H_INCOME_0_25,int64,input_pre_processor
BG_control_data,H_INCOME_100_150,int64,input_pre_processor
BG_control_data,H_INCOME_150PLUS,int64,input_pre_processor
BG_control_data,H_INCOME_25_50,int64,input_pre_processor
BG_control_data,H_INCOME_50_75,int64,input_pre_processor
BG_control_data,H_INCOME_75_100,int64,input_pre_processor
BG_control_data,H_NO_CHILDREN,int64,input_pre_processor
BG_control_data,H_TOTAL,int64,input_pre_processor
BG_control_data,P_AGE_0_4,int64,input_pre_processor
BG_control_data,P_AGE_18_34,int64,input_pre_processor
BG_control_data,P_AGE_35_49,int64,input_pre_processor
BG_control_data,P_AGE_50_64,int64,input_pre_processor
BG_control_data,P_AGE_5_17,int64,input_pre_processor
BG_control_data,P_AGE_65PLUS,int64,input_pre_processor
BG_control_data,P_FEMALE,int64,input_pre_processor
BG_control_data,P_FULL_TIME,int64,input_pre_processor
BG_control_data,P_HISPANIC,int64,input_pre_processor
BG_control_data,P_MALE,int64,input_pre_processor
BG_control_data,P_NON_HISPANIC,int64,input_pre_processor
BG_control_data,P_NON_UNIVERSITY,int64,input_pre_processor
BG_control_data,P_NON_WORKER,int64,input_pre_processor
BG_control_data,P_PART_TIME,int64,input_pre_processor
BG_control_data,P_RACE_AAPI,int64,input_pre_processor
BG_control_data,P_RACE_BLACK,int64,input_pre_processor
BG_control_data,P_RACE_OTHER,int64,input_pre_processor
BG_control_data,P_RACE_WHITE,int64,input_pre_processor
BG_control_data,P_TOTAL,int64,input_pre_processor
BG_control_data,P_UNIVERSITY,int64,input_pre_processor
BG_control_data,REGION,int64,input_pre_processor
TRACT_control_data,COUNTY,int64,input_pre_processor
TRACT_control_data,STATE,int64,input_pre_processor
TRACT_control_data,TRACT,int64,input_pre_processor
TRACT_control_data,NAME,object,input_pre_processor
TRACT_control_data,H_1ORMORE_VEHPP,int64,input_pre_processor
TRACT_control_data,H_FEWER_VEHPP,int64,input_pre_processor
TRACT_control_data,H_NO_VEH,int64,input_pre_processor
TRACT_control_data,H_SIZE_1,int64,input_pre_processor
TRACT_control_data,H_SIZE_2,int64,input_pre_processor
TRACT_control_data,H_SIZE_3,int64,input_pre_processor
TRACT_control_data,H_SIZE_4PLUS,int64,input_pre_processor
TRACT_control_data,P_MODE_AUTO_OTHER,int64,input_pre_processor
TRACT_control_data,P_MODE_TRANSIT,int64,input_pre_processor
TRACT_control_data,P_MODE_WALK_BIKE,int64,input_pre_processor
TRACT_control_data,P_MODE_WFH,int64,input_pre_processor
TRACT_control_data,REGION,int64,input_pre_processor
REGION_control_data,H_CHILDREN,int64,input_pre_processor
REGION_control_data,H_INCOME_0_25,int64,input_pre_processor
REGION_control_data,H_INCOME_100_150,int64,input_pre_processor
REGION_control_data,H_INCOME_150PLUS,int64,input_pre_processor
REGION_control_data,H_INCOME_25_50,int64,input_pre_processor
REGION_control_data,H_INCOME_50_75,int64,input_pre_processor
REGION_control_data,H_INCOME_75_100,int64,input_pre_processor
REGION_control_data,H_NO_CHILDREN,int64,input_pre_processor
REGION_control_data,H_TOTAL,int64,input_pre_processor
REGION_control_data,P_AGE_0_4,int64,input_pre_processor
REGION_control_data,P_AGE_18_34,int64,input_pre_processor
REGION_control_data,P_AGE_35_49,int64,input_pre_processor
REGION_control_data,P_AGE_50_64,int64,input_pre_processor
REGION_control_data,P_AGE_5_17,int64,input_pre_processor
REGION_control_data,P_AGE_65PLUS,int64,input_pre_processor
REGION_control_data,P_FEMALE,int64,input_pre_processor
REGION_control_data,P_FULL_TIME,int64,input_pre_processor
REGION_control_data,P_HISPANIC,int64,input_pre_processor
REGION_control_data,P_MALE,int64,input_pre_processor
REGION_control_data,P_NON_HISPANIC,int64,input_pre_processor
REGION_control_data,P_NON_UNIVERSITY,int64,input_pre_processor
REGION_control_data,P_NON_WORKER,int64,input_pre_processor
REGION_control_data,P_PART_TIME,int64,input_pre_processor
REGION_control_data,P_RACE_AAPI,int64,input_pre_processor
REGION_control_data,P_RACE_BLACK,int64,input_pre_processor
REGION_control_data,P_RACE_OTHER,int64,input_pre_processor
REGION_control_data,P_RACE_WHITE,int64,input_pre_processor
REGION_control_data,P_TOTAL,int64,input_pre_processor
REGION_control_data,P_UNIVERSITY,int64,input_pre_processor
REGION_control_data,H_1ORMORE_VEHPP,int64,input_pre_processor
REGION_control_data,H_FEWER_VEHPP,int64,input_pre_processor
REGION_control_data,H_NO_VEH,int64,input_pre_processor
REGION_control_data,H_SIZE_1,int64,input_pre_processor
REGION_control_data,H_SIZE_2,int64,input_pre_processor
REGION_control_data,H_SIZE_3,int64,input_pre_processor
REGION_control_data,H_SIZE_4PLUS,int64,input_pre_processor
REGION_control_data,P_MODE_AUTO_OTHER,int64,input_pre_processor
REGION_control_data,P_MODE_TRANSIT,int64,input_pre_processor
REGION_control_data,P_MODE_WALK_BIKE,int64,input_pre_processor
REGION_control_data,P_MODE_WFH,int64,input_pre_processor
crosswalk,REGION,int64,setup_data_structures
crosswalk,STATE,int64,setup_data_structures
crosswalk,PUMA,int64,setup_data_structures
crosswalk,TRACT,int64,setup_data_structures
crosswalk,BG,int64,setup_data_structures
slice_crosswalk,REGION,int64,setup_data_structures
slice_crosswalk,STATE,int64,setup_data_structures
control_spec,target,object,setup_data_structures
control_spec,geography,object,setup_data_structures
control_spec,seed_table,object,setup_data_structures
control_spec,importance,int64,setup_data_structures
control_spec,control_field,object,setup_data_structures
control_spec,expression,object,setup_data_structures
REGION_controls,REGION,int64,setup_data_structures
REGION_controls,h_total,int64,setup_data_structures
REGION_controls,p_total,int64,setup_data_structures
REGION_controls,p_male,int64,setup_data_structures
REGION_controls,p_female,int64,setup_data_structures
REGION_controls,p_age_0_4,int64,setup_data_structures
REGION_controls,p_age_5_17,int64,setup_data_structures
REGION_controls,p_age_18_34,int64,setup_data_structures
REGION_controls,p_age_35_49,int64,setup_data_structures
REGION_controls,p_age_50_64,int64,setup_data_structures
REGION_controls,p_age_65plus,int64,setup_data_structures
REGION_controls,p_race_white,int64,setup_data_structures
REGION_controls,p_race_black,int64,setup_data_structures
REGION_controls,p_race_aapi,int64,setup_data_structures
REGION_controls,p_race_other,int64,setup_data_structures
REGION_controls,p_hispanic,int64,setup_data_structures
REGION_controls,p_non_hispanic,int64,setup_data_structures
REGION_controls,h_size_1,int64,setup_data_structures
REGION_controls,h_size_2,int64,setup_data_structures
REGION_controls,h_size_3,int64,setup_data_structures
REGION_controls,h_size_4_plus,int64,setup_data_structures
REGION_controls,h_no_veh,int64,setup_data_structures
REGION_controls,h_1ormore_vehpp,int64,setup_data_structures
REGION_controls,h_fewer_vehpp,int64,setup_data_structures
REGION_controls,p_mode_auto_other,int64,setup_data_structures
REGION_controls,p_mode_transit,int64,setup_data_structures
REGION_controls,p_mode_walk_bike,int64,setup_data_structures
REGION_controls,p_mode_wfh,int64,setup_data_structures
REGION_controls,h_children,int64,setup_data_structures
REGION_controls,h_no_children,int64,setup_data_structures
REGION_controls,p_university,int64,setup_data_structures
REGION_controls,p_non_university,int64,setup_data_structures
REGION_controls,h_income_0_25,int64,setup_data_structures
REGION_controls,h_income_25_50,int64,setup_data_structures
REGION_controls,h_income_50_75,int64,setup_data_structures
REGION_controls,h_income_75_100,int64,setup_data_structures
REGION_controls,h_income_100_150,int64,setup_data_structures
REGION_controls,h_income_150plus,int64,setup_data_structures
REGION_controls,p_full_time,int64,setup_data_structures
REGION_controls,p_part_time,int64,setup_data_structures
REGION_controls,p_non_worker,int64,setup_data_structures
STATE_controls,STATE,int64,setup_data_structures
STATE_controls,h_total,int64,setup_data_structures
STATE_controls,p_total,int64,setup_data_structures
STATE_controls,p_male,int64,setup_data_structures
STATE_controls,p_female,int64,setup_data_structures
STATE_controls,p_age_0_4,int64,setup_data_structures
STATE_controls,p_age_5_17,int64,setup_data_structures
STATE_controls,p_age_18_34,int64,setup_data_structures
STATE_controls,p_age_35_49,int64,setup_data_structures
STATE_controls,p_age_50_64,int64,setup_data_structures
STATE_controls,p_age_65plus,int64,setup_data_structures
STATE_controls,p_race_white,int64,setup_data_structures
STATE_controls,p_race_black,int64,setup_data_structures
STATE_controls,p_race_aapi,int64,setup_data_structures
STATE_controls,p_race_other,int64,setup_data_structures
STATE_controls,p_hispanic,int64,setup_data_structures
STATE_controls,p_non_hispanic,int64,setup_data_structures
STATE_controls,h_size_1,int64,setup_data_structures
STATE_controls,h_size_2,int64,setup_data_structures
STATE_controls,h_size_3,int64,setup_data_structures
STATE_controls,h_size_4_plus,int64,setup_data_structures
STATE_controls,h_no_veh,int64,setup_data_structures
STATE_controls,h_1ormore_vehpp,int64,setup_data_structures
STATE_controls,h_fewer_vehpp,int64,setup_data_structures
STATE_controls,p_mode_auto_other,int64,setup_data_structures
STATE_controls,p_mode_transit,int64,setup_data_structures
STATE_controls,p_mode_walk_bike,int64,setup_data_structures
STATE_controls,p_mode_wfh,int64,setup_data_structures
STATE_controls,h_children,int64,setup_data_structures
STATE_controls,h_no_children,int64,setup_data_structures
STATE_controls,p_university,int64,setup_data_structures
STATE_controls,p_non_university,int64,setup_data_structures
STATE_controls,h_income_0_25,int64,setup_data_structures
STATE_controls,h_income_25_50,int64,setup_data_structures
STATE_controls,h_income_50_75,int64,setup_data_structures
STATE_controls,h_income_75_100,int64,setup_data_structures
STATE_controls,h_income_100_150,int64,setup_data_structures
STATE_controls,h_income_150plus,int64,setup_data_structures
STATE_controls,p_full_time,int64,setup_data_structures
STATE_controls,p_part_time,int64,setup_data_structures
STATE_controls,p_non_worker,int64,setup_data_structures
PUMA_controls,PUMA,int64,setup_data_structures
PUMA_controls,h_total,int64,setup_data_structures
PUMA_controls,p_total,int64,setup_data_structures
PUMA_controls,p_male,int64,setup_data_structures
PUMA_controls,p_female,int64,setup_data_structures
PUMA_controls,p_age_0_4,int64,setup_data_structures
PUMA_controls,p_age_5_17,int64,setup_data_structures
PUMA_controls,p_age_18_34,int64,setup_data_structures
PUMA_controls,p_age_35_49,int64,setup_data_structures
PUMA_controls,p_age_50_64,int64,setup_data_structures
PUMA_controls,p_age_65plus,int64,setup_data_structures
PUMA_controls,p_race_white,int64,setup_data_structures
PUMA_controls,p_race_black,int64,setup_data_structures
PUMA_controls,p_race_aapi,int64,setup_data_structures
PUMA_controls,p_race_other,int64,setup_data_structures
PUMA_controls,p_hispanic,int64,setup_data_structures
PUMA_controls,p_non_hispanic,int64,setup_data_structures
PUMA_controls,h_size_1,int64,setup_data_structures
PUMA_controls,h_size_2,int64,setup_data_structures
PUMA_controls,h_size_3,int64,setup_data_structures
PUMA_controls,h_size_4_plus,int64,setup_data_structures
PUMA_controls,h_no_veh,int64,setup_data_structures
PUMA_controls,h_1ormore_vehpp,int64,setup_data_structures
PUMA_controls,h_fewer_vehpp,int64,setup_data_structures
PUMA_controls,p_mode_auto_other,int64,setup_data_structures
PUMA_controls,p_mode_transit,int64,setup_data_structures
PUMA_controls,p_mode_walk_bike,int64,setup_data_structures
PUMA_controls,p_mode_wfh,int64,setup_data_structures
PUMA_controls,h_children,int64,setup_data_structures
PUMA_controls,h_no_children,int64,setup_data_structures
PUMA_controls,p_university,int64,setup_data_structures
PUMA_controls,p_non_university,int64,setup_data_structures
PUMA_controls,h_income_0_25,int64,setup_data_structures
PUMA_controls,h_income_25_50,int64,setup_data_structures
PUMA_controls,h_income_50_75,int64,setup_data_structures
PUMA_controls,h_income_75_100,int64,setup_data_structures
PUMA_controls,h_income_100_150,int64,setup_data_structures
PUMA_controls,h_income_150plus,int64,setup_data_structures
PUMA_controls,p_full_time,int64,setup_data_structures
PUMA_controls,p_part_time,int64,setup_data_structures
PUMA_controls,p_non_worker,int64,setup_data_structures
TRACT_controls,TRACT,int64,setup_data_structures
TRACT_controls,h_total,int64,setup_data_structures
TRACT_controls,p_total,int64,setup_data_structures
TRACT_controls,p_male,int64,setup_data_structures
TRACT_controls,p_female,int64,setup_data_structures
TRACT_controls,p_age_0_4,int64,setup_data_structures
TRACT_controls,p_age_5_17,int64,setup_data_structures
TRACT_controls,p_age_18_34,int64,setup_data_structures
TRACT_controls,p_age_35_49,int64,setup_data_structures
TRACT_controls,p_age_50_64,int64,setup_data_structures
TRACT_controls,p_age_65plus,int64,setup_data_structures
TRACT_controls,p_race_white,int64,setup_data_structures
TRACT_controls,p_race_black,int64,setup_data_structures
TRACT_controls,p_race_aapi,int64,setup_data_structures
TRACT_controls,p_race_other,int64,setup_data_structures
TRACT_controls,p_hispanic,int64,setup_data_structures
TRACT_controls,p_non_hispanic,int64,setup_data_structures
TRACT_controls,h_size_1,int64,setup_data_structures
TRACT_controls,h_size_2,int64,setup_data_structures
TRACT_controls,h_size_3,int64,setup_data_structures
TRACT_controls,h_size_4_plus,int64,setup_data_structures
TRACT_controls,h_no_veh,int64,setup_data_structures
TRACT_controls,h_1ormore_vehpp,int64,setup_data_structures
TRACT_controls,h_fewer_vehpp,int64,setup_data_structures
TRACT_controls,p_mode_auto_other,int64,setup_data_structures
TRACT_controls,p_mode_transit,int64,setup_data_structures
TRACT_controls,p_mode_walk_bike,int64,setup_data_structures
TRACT_controls,p_mode_wfh,int64,setup_data_structures
TRACT_controls,h_children,int64,setup_data_structures
TRACT_controls,h_no_children,int64,setup_data_structures
TRACT_controls,p_university,int64,setup_data_structures
TRACT_controls,p_non_university,int64,setup_data_structures
TRACT_controls,h_income_0_25,int64,setup_data_structures
TRACT_controls,h_income_25_50,int64,setup_data_structures
TRACT_controls,h_income_50_75,int64,setup_data_structures
TRACT_controls,h_income_75_100,int64,setup_data_structures
TRACT_controls,h_income_100_150,int64,setup_data_structures
TRACT_controls,h_income_150plus,int64,setup_data_structures
TRACT_controls,p_full_time,int64,setup_data_structures
TRACT_controls,p_part_time,int64,setup_data_structures
TRACT_controls,p_non_worker,int64,setup_data_structures
BG_controls,BG,int64,setup_data_structures
BG_controls,h_total,int64,setup_data_structures
BG_controls,p_total,int64,setup_data_structures
BG_controls,p_male,int64,setup_data_structures
BG_controls,p_female,int64,setup_data_structures
BG_controls,p_age_0_4,int64,setup_data_structures
BG_controls,p_age_5_17,int64,setup_data_structures
BG_controls,p_age_18_34,int64,setup_data_structures
BG_controls,p_age_35_49,int64,setup_data_structures
BG_controls,p_age_50_64,int64,setup_data_structures
BG_controls,p_age_65plus,int64,setup_data_structures
BG_controls,p_race_white,int64,setup_data_structures
BG_controls,p_race_black,int64,setup_data_structures
BG_controls,p_race_aapi,int64,setup_data_structures
BG_controls,p_race_other,int64,setup_data_structures
BG_controls,p_hispanic,int64,setup_data_structures
BG_controls,p_non_hispanic,int64,setup_data_structures
BG_controls,h_children,int64,setup_data_structures
BG_controls,h_no_children,int64,setup_data_structures
BG_controls,p_university,int64,setup_data_structures
BG_controls,p_non_university,int64,setup_data_structures
BG_controls,h_income_0_25,int64,setup_data_structures
BG_controls,h_income_25_50,int64,setup_data_structures
BG_controls,h_income_50_75,int64,setup_data_structures
BG_controls,h_income_75_100,int64,setup_data_structures
BG_controls,h_income_100_150,int64,setup_data_structures
BG_controls,h_income_150plus,int64,setup_data_structures
BG_controls,p_full_time,int64,setup_data_structures
BG_controls,p_part_time,int64,setup_data_structures
BG_controls,p_non_worker,int64,setup_data_structures
household_groups,group_id,int32,setup_data_structures
household_groups,sample_weight,int64,setup_data_structures
household_groups,hh_id,int64,setup_data_structures
incidence_table,hh_id,int64,setup_data_structures
incidence_table,h_total,int64,setup_data_structures
incidence_table,p_total,int64,setup_data_structures
incidence_table,p_male,int64,setup_data_structures
incidence_table,p_female,int64,setup_data_structures
incidence_table,p_age_0_4,int64,setup_data_structures
incidence_table,p_age_5_17,int64,setup_data_structures
incidence_table,p_age_18_34,int64,setup_data_structures
incidence_table,p_age_35_49,int64,setup_data_structures
incidence_table,p_age_50_64,int64,setup_data_structures
incidence_table,p_age_65plus,int64,setup_data_structures
incidence_table,p_race_white,int64,setup_data_structures
incidence_table,p_race_black,int64,setup_data_structures
incidence_table,p_race_aapi,int64,setup_data_structures
incidence_table,p_race_other,int64,setup_data_structures
incidence_table,p_hispanic,int64,setup_data_structures
incidence_table,p_non_hispanic,int64,setup_data_structures
incidence_table,h_size_1,int64,setup_data_structures
incidence_table,h_size_2,int64,setup_data_structures
incidence_table,h_size_3,int64,setup_data_structures
incidence_table,h_size_4_plus,int64,setup_data_structures
incidence_table,h_no_veh,int64,setup_data_structures
incidence_table,h_1ormore_vehpp,int64,setup_data_structures
incidence_table,h_fewer_vehpp,int64,setup_data_structures
incidence_table,p_mode_auto_other,int64,setup_data_structures
incidence_table,p_mode_transit,int64,setup_data_structures
incidence_table,p_mode_walk_bike,int64,setup_data_structures
incidence_table,p_mode_wfh,int64,setup_data_structures
incidence_table,h_children,int64,setup_data_structures
incidence_table,h_no_children,int64,setup_data_structures
incidence_table,p_university,int64,setup_data_structures
incidence_table,p_non_university,int64,setup_data_structures
incidence_table,h_income_0_25,int64,setup_data_structures
incidence_table,h_income_25_50,int64,setup_data_structures
incidence_table,h_income_50_75,int64,setup_data_structures
incidence_table,h_income_75_100,int64,setup_data_structures
incidence_table,h_income_100_150,int64,setup_data_structures
incidence_table,h_income_150plus,int64,setup_data_structures
incidence_table,p_full_time,int64,setup_data_structures
incidence_table,p_part_time,int64,setup_data_structures
incidence_table,p_non_worker,int64,setup_data_structures
incidence_table,PUMA,int64,setup_data_structures
incidence_table,REGION,int64,setup_data_structures
incidence_table,sample_weight,int64,setup_data_structures
incidence_table,group_size,int64,setup_data_structures
incidence_table,group_id,int64,setup_data_structures
PUMA_weights,PUMA,int64,initial_seed_balancing
PUMA_weights,preliminary_balanced_weight,float64,initial_seed_balancing
PUMA_weights,sample_weight,int64,initial_seed_balancing
PUMA_weights,hh_id,int64,initial_seed_balancing
PUMA_weights,balanced_weight,float64,final_seed_balancing
PUMA_weights,integer_weight,int64,integerize_final_seed_weights
TRACT_weights,hh_id,int64,mp_sub_balancing
TRACT_weights,TRACT,int64,mp_sub_balancing
TRACT_weights,balanced_weight,float64,mp_sub_balancing
TRACT_weights,integer_weight,int32,mp_sub_balancing
TRACT_weights,PUMA,int64,mp_sub_balancing
TRACT_weights,REGION,int64,mp_sub_balancing
TRACT_weights,STATE,int64,mp_sub_balancing
TRACT_weights_sparse,hh_id,int64,mp_sub_balancing
TRACT_weights_sparse,TRACT,int64,mp_sub_balancing
TRACT_weights_sparse,balanced_weight,float64,mp_sub_balancing
TRACT_weights_sparse,integer_weight,int32,mp_sub_balancing
TRACT_weights_sparse,PUMA,int64,mp_sub_balancing
TRACT_weights_sparse,REGION,int64,mp_sub_balancing
TRACT_weights_sparse,STATE,int64,mp_sub_balancing
BG_weights,hh_id,int64,mp_sub_balancing
BG_weights,BG,int64,mp_sub_balancing
BG_weights,balanced_weight,float64,mp_sub_balancing
BG_weights,integer_weight,int32,mp_sub_balancing
BG_weights,TRACT,int64,mp_sub_balancing
BG_weights,REGION,int64,mp_sub_balancing
BG_weights,STATE,int64,mp_sub_balancing
BG_weights,PUMA,int64,mp_sub_balancing
BG_weights_sparse,hh_id,int64,mp_sub_balancing
BG_weights_sparse,BG,int64,mp_sub_balancing
BG_weights_sparse,balanced_weight,float64,mp_sub_balancing
BG_weights_sparse,integer_weight,int32,mp_sub_balancing
BG_weights_sparse,TRACT,int64,mp_sub_balancing
BG_weights_sparse,REGION,int64,mp_sub_balancing
BG_weights_sparse,STATE,int64,mp_sub_balancing
BG_weights_sparse,PUMA,int64,mp_sub_balancing
trace_BG_weights,hh_id,int64,mp_sub_balancing
trace_BG_weights,BG,int64,mp_sub_balancing
trace_BG_weights,balanced_weight,float64,mp_sub_balancing
trace_BG_weights,integer_weight,int32,mp_sub_balancing
trace_BG_weights,TRACT,int64,mp_sub_balancing
trace_BG_weights,REGION,int64,mp_sub_balancing
trace_BG_weights,STATE,int64,mp_sub_balancing
trace_BG_weights,PUMA,int64,mp_sub_balancing
expanded_household_ids,PUMA,int64,expand_households
expanded_household_ids,TRACT,int64,expand_households
expanded_household_ids,BG,int64,expand_households
expanded_household_ids,hh_id,int32,expand_households
summary_REGION_1,control_name,object,summarize
summary_REGION_1,control_value,int64,summarize
summary_REGION_1,REGION_preliminary_balanced_weight,float64,summarize
summary_REGION_1,REGION_balanced_weight,float64,summarize
summary_REGION_1,REGION_integer_weight,int64,summarize
summary_REGION_1,TRACT_balanced_weight,float64,summarize
summary_REGION_1,TRACT_integer_weight,float64,summarize
summary_REGION_1,BG_balanced_weight,float64,summarize
summary_REGION_1,BG_integer_weight,int64,summarize
summary_TRACT_aggregate,hh_id,int64,summarize
summary_TRACT_aggregate,PUMA,int64,summarize
summary_TRACT_aggregate,balanced_weight,float64,summarize
summary_TRACT_aggregate,integer_weight,int32,summarize
summary_TRACT_aggregate,sample_weight,int64,summarize
summary_TRACT_aggregate,PUMA_preliminary_balanced_weight,float64,summarize
summary_TRACT_aggregate,PUMA_balanced_weight,float64,summarize
summary_TRACT_aggregate,PUMA_integer_weight,int64,summarize
summary_TRACT_PUMA,geography,object,summarize
summary_TRACT_PUMA,id,int64,summarize
summary_TRACT_PUMA,h_total_control,int32,summarize
summary_TRACT_PUMA,p_total_control,int32,summarize
summary_TRACT_PUMA,p_male_control,int32,summarize
summary_TRACT_PUMA,p_female_control,int32,summarize
summary_TRACT_PUMA,p_age_0_4_control,int32,summarize
summary_TRACT_PUMA,p_age_5_17_control,int32,summarize
summary_TRACT_PUMA,p_age_18_34_control,int32,summarize
summary_TRACT_PUMA,p_age_35_49_control,int32,summarize
summary_TRACT_PUMA,p_age_50_64_control,int32,summarize
summary_TRACT_PUMA,p_age_65plus_control,int32,summarize
summary_TRACT_PUMA,p_race_white_control,int32,summarize
summary_TRACT_PUMA,p_race_black_control,int32,summarize
summary_TRACT_PUMA,p_race_aapi_control,int32,summarize
summary_TRACT_PUMA,p_race_other_control,int32,summarize
summary_TRACT_PUMA,p_hispanic_control,int32,summarize
summary_TRACT_PUMA,p_non_hispanic_control,int32,summarize
summary_TRACT_PUMA,h_size_1_control,int32,summarize
summary_TRACT_PUMA,h_size_2_control,int32,summarize
summary_TRACT_PUMA,h_size_3_control,int32,summarize
summary_TRACT_PUMA,h_size_4_plus_control,int32,summarize
summary_TRACT_PUMA,h_no_veh_control,int32,summarize
summary_TRACT_PUMA,h_1ormore_vehpp_control,int32,summarize
summary_TRACT_PUMA,h_fewer_vehpp_control,int32,summarize
summary_TRACT_PUMA,p_mode_auto_other_control,int32,summarize
summary_TRACT_PUMA,p_mode_transit_control,int32,summarize
summary_TRACT_PUMA,p_mode_walk_bike_control,int32,summarize
summary_TRACT_PUMA,p_mode_wfh_control,int32,summarize
summary_TRACT_PUMA,h_children_control,int32,summarize
summary_TRACT_PUMA,h_no_children_control,int32,summarize
summary_TRACT_PUMA,p_university_control,int32,summarize
summary_TRACT_PUMA,p_non_university_control,int32,summarize
summary_TRACT_PUMA,h_income_0_25_control,int32,summarize
summary_TRACT_PUMA,h_income_25_50_control,int32,summarize
summary_TRACT_PUMA,h_income_50_75_control,int32,summarize
summary_TRACT_PUMA,h_income_75_100_control,int32,summarize
summary_TRACT_PUMA,h_income_100_150_control,int32,summarize
summary_TRACT_PUMA,h_income_150plus_control,int32,summarize
summary_TRACT_PUMA,p_full_time_control,int32,summarize
summary_TRACT_PUMA,p_part_time_control,int32,summarize
summary_TRACT_PUMA,p_non_worker_control,int32,summarize
summary_TRACT_PUMA,h_total_result,float64,summarize
summary_TRACT_PUMA,p_total_result,float64,summarize
summary_TRACT_PUMA,p_male_result,float64,summarize
summary_TRACT_PUMA,p_female_result,float64,summarize
summary_TRACT_PUMA,p_age_0_4_result,float64,summarize
summary_TRACT_PUMA,p_age_5_17_result,float64,summarize
summary_TRACT_PUMA,p_age_18_34_result,float64,summarize
summary_TRACT_PUMA,p_age_35_49_result,float64,summarize
summary_TRACT_PUMA,p_age_50_64_result,float64,summarize
summary_TRACT_PUMA,p_age_65plus_result,float64,summarize
summary_TRACT_PUMA,p_race_white_result,float64,summarize
summary_TRACT_PUMA,p_race_black_result,float64,summarize
summary_TRACT_PUMA,p_race_aapi_result,float64,summarize
summary_TRACT_PUMA,p_race_other_result,float64,summarize
summary_TRACT_PUMA,p_hispanic_result,float64,summarize
summary_TRACT_PUMA,p_non_hispanic_result,float64,summarize
summary_TRACT_PUMA,h_size_1_result,float64,summarize
summary_TRACT_PUMA,h_size_2_result,float64,summarize
summary_TRACT_PUMA,h_size_3_result,float64,summarize
summary_TRACT_PUMA,h_size_4_plus_result,float64,summarize
summary_TRACT_PUMA,h_no_veh_result,float64,summarize
summary_TRACT_PUMA,h_1ormore_vehpp_result,float64,summarize
summary_TRACT_PUMA,h_fewer_vehpp_result,float64,summarize
summary_TRACT_PUMA,p_mode_auto_other_result,float64,summarize
summary_TRACT_PUMA,p_mode_transit_result,float64,summarize
summary_TRACT_PUMA,p_mode_walk_bike_result,float64,summarize
summary_TRACT_PUMA,p_mode_wfh_result,float64,summarize
summary_TRACT_PUMA,h_children_result,float64,summarize
summary_TRACT_PUMA,h_no_children_result,float64,summarize
summary_TRACT_PUMA,p_university_result,float64,summarize
summary_TRACT_PUMA,p_non_university_result,float64,summarize
summary_TRACT_PUMA,h_income_0_25_result,float64,summarize
summary_TRACT_PUMA,h_income_25_50_result,float64,summarize
summary_TRACT_PUMA,h_income_50_75_result,float64,summarize
summary_TRACT_PUMA,h_income_75_100_result,float64,summarize
summary_TRACT_PUMA,h_income_100_150_result,float64,summarize
summary_TRACT_PUMA,h_income_150plus_result,float64,summarize
summary_TRACT_PUMA,p_full_time_result,float64,summarize
summary_TRACT_PUMA,p_part_time_result,float64,summarize
summary_TRACT_PUMA,p_non_worker_result,float64,summarize
summary_TRACT_PUMA,h_total_diff,float64,summarize
summary_TRACT_PUMA,p_total_diff,float64,summarize
summary_TRACT_PUMA,p_male_diff,float64,summarize
summary_TRACT_PUMA,p_female_diff,float64,summarize
summary_TRACT_PUMA,p_age_0_4_diff,float64,summarize
summary_TRACT_PUMA,p_age_5_17_diff,float64,summarize
summary_TRACT_PUMA,p_age_18_34_diff,float64,summarize
summary_TRACT_PUMA,p_age_35_49_diff,float64,summarize
summary_TRACT_PUMA,p_age_50_64_diff,float64,summarize
summary_TRACT_PUMA,p_age_65plus_diff,float64,summarize
summary_TRACT_PUMA,p_race_white_diff,float64,summarize
summary_TRACT_PUMA,p_race_black_diff,float64,summarize
summary_TRACT_PUMA,p_race_aapi_diff,float64,summarize
summary_TRACT_PUMA,p_race_other_diff,float64,summarize
summary_TRACT_PUMA,p_hispanic_diff,float64,summarize
summary_TRACT_PUMA,p_non_hispanic_diff,float64,summarize
summary_TRACT_PUMA,h_size_1_diff,float64,summarize
summary_TRACT_PUMA,h_size_2_diff,float64,summarize
summary_TRACT_PUMA,h_size_3_diff,float64,summarize
summary_TRACT_PUMA,h_size_4_plus_diff,float64,summarize
summary_TRACT_PUMA,h_no_veh_diff,float64,summarize
summary_TRACT_PUMA,h_1ormore_vehpp_diff,float64,summarize
summary_TRACT_PUMA,h_fewer_vehpp_diff,float64,summarize
summary_TRACT_PUMA,p_mode_auto_other_diff,float64,summarize
summary_TRACT_PUMA,p_mode_transit_diff,float64,summarize
summary_TRACT_PUMA,p_mode_walk_bike_diff,float64,summarize
summary_TRACT_PUMA,p_mode_wfh_diff,float64,summarize
summary_TRACT_PUMA,h_children_diff,float64,summarize
summary_TRACT_PUMA,h_no_children_diff,float64,summarize
summary_TRACT_PUMA,p_university_diff,float64,summarize
summary_TRACT_PUMA,p_non_university_diff,float64,summarize
summary_TRACT_PUMA,h_income_0_25_diff,float64,summarize
summary_TRACT_PUMA,h_income_25_50_diff,float64,summarize
summary_TRACT_PUMA,h_income_50_75_diff,float64,summarize
summary_TRACT_PUMA,h_income_75_100_diff,float64,summarize
summary_TRACT_PUMA,h_income_100_150_diff,float64,summarize
summary_TRACT_PUMA,h_income_150plus_diff,float64,summarize
summary_TRACT_PUMA,p_full_time_diff,float64,summarize
summary_TRACT_PUMA,p_part_time_diff,float64,summarize
summary_TRACT_PUMA,p_non_worker_diff,float64,summarize
summary_TRACT,geography,object,summarize
summary_TRACT,id,int64,summarize
summary_TRACT,h_total_control,int32,summarize
summary_TRACT,p_total_control,int32,summarize
summary_TRACT,p_male_control,int32,summarize
summary_TRACT,p_female_control,int32,summarize
summary_TRACT,p_age_0_4_control,int32,summarize
summary_TRACT,p_age_5_17_control,int32,summarize
summary_TRACT,p_age_18_34_control,int32,summarize
summary_TRACT,p_age_35_49_control,int32,summarize
summary_TRACT,p_age_50_64_control,int32,summarize
summary_TRACT,p_age_65plus_control,int32,summarize
summary_TRACT,p_race_white_control,int32,summarize
summary_TRACT,p_race_black_control,int32,summarize
summary_TRACT,p_race_aapi_control,int32,summarize
summary_TRACT,p_race_other_control,int32,summarize
summary_TRACT,p_hispanic_control,int32,summarize
summary_TRACT,p_non_hispanic_control,int32,summarize
summary_TRACT,h_size_1_control,int32,summarize
summary_TRACT,h_size_2_control,int32,summarize
summary_TRACT,h_size_3_control,int32,summarize
summary_TRACT,h_size_4_plus_control,int32,summarize
summary_TRACT,h_no_veh_control,int32,summarize
summary_TRACT,h_1ormore_vehpp_control,int32,summarize
summary_TRACT,h_fewer_vehpp_control,int32,summarize
summary_TRACT,p_mode_auto_other_control,int32,summarize
summary_TRACT,p_mode_transit_control,int32,summarize
summary_TRACT,p_mode_walk_bike_control,int32,summarize
summary_TRACT,p_mode_wfh_control,int32,summarize
summary_TRACT,h_children_control,int32,summarize
summary_TRACT,h_no_children_control,int32,summarize
summary_TRACT,p_university_control,int32,summarize
summary_TRACT,p_non_university_control,int32,summarize
summary_TRACT,h_income_0_25_control,int32,summarize
summary_TRACT,h_income_25_50_control,int32,summarize
summary_TRACT,h_income_50_75_control,int32,summarize
summary_TRACT,h_income_75_100_control,int32,summarize
summary_TRACT,h_income_100_150_control,int32,summarize
summary_TRACT,h_income_150plus_control,int32,summarize
summary_TRACT,p_full_time_control,int32,summarize
summary_TRACT,p_part_time_control,int32,summarize
summary_TRACT,p_non_worker_control,int32,summarize
summary_TRACT,h_total_result,float64,summarize
summary_TRACT,p_total_result,float64,summarize
summary_TRACT,p_male_result,float64,summarize
summary_TRACT,p_female_result,float64,summarize
summary_TRACT,p_age_0_4_result,float64,summarize
summary_TRACT,p_age_5_17_result,float64,summarize
summary_TRACT,p_age_18_34_result,float64,summarize
summary_TRACT,p_age_35_49_result,float64,summarize
summary_TRACT,p_age_50_64_result,float64,summarize
summary_TRACT,p_age_65plus_result,float64,summarize
summary_TRACT,p_race_white_result,float64,summarize
summary_TRACT,p_race_black_result,float64,summarize
summary_TRACT,p_race_aapi_result,float64,summarize
summary_TRACT,p_race_other_result,float64,summarize
summary_TRACT,p_hispanic_result,float64,summarize
summary_TRACT,p_non_hispanic_result,float64,summarize
summary_TRACT,h_size_1_result,float64,summarize
summary_TRACT,h_size_2_result,float64,summarize
summary_TRACT,h_size_3_result,float64,summarize
summary_TRACT,h_size_4_plus_result,float64,summarize
summary_TRACT,h_no_veh_result,float64,summarize
summary_TRACT,h_1ormore_vehpp_result,float64,summarize
summary_TRACT,h_fewer_vehpp_result,float64,summarize
summary_TRACT,p_mode_auto_other_result,float64,summarize
summary_TRACT,p_mode_transit_result,float64,summarize
summary_TRACT,p_mode_walk_bike_result,float64,summarize
summary_TRACT,p_mode_wfh_result,float64,summarize
summary_TRACT,h_children_result,float64,summarize
summary_TRACT,h_no_children_result,float64,summarize
summary_TRACT,p_university_result,float64,summarize
summary_TRACT,p_non_university_result,float64,summarize
summary_TRACT,h_income_0_25_result,float64,summarize
summary_TRACT,h_income_25_50_result,float64,summarize
summary_TRACT,h_income_50_75_result,float64,summarize
summary_TRACT,h_income_75_100_result,float64,summarize
summary_TRACT,h_income_100_150_result,float64,summarize
summary_TRACT,h_income_150plus_result,float64,summarize
summary_TRACT,p_full_time_result,float64,summarize
summary_TRACT,p_part_time_result,float64,summarize
summary_TRACT,p_non_worker_result,float64,summarize
summary_TRACT,h_total_diff,float64,summarize
summary_TRACT,p_total_diff,float64,summarize
summary_TRACT,p_male_diff,float64,summarize
summary_TRACT,p_female_diff,float64,summarize
summary_TRACT,p_age_0_4_diff,float64,summarize
summary_TRACT,p_age_5_17_diff,float64,summarize
summary_TRACT,p_age_18_34_diff,float64,summarize
summary_TRACT,p_age_35_49_diff,float64,summarize
summary_TRACT,p_age_50_64_diff,float64,summarize
summary_TRACT,p_age_65plus_diff,float64,summarize
summary_TRACT,p_race_white_diff,float64,summarize
summary_TRACT,p_race_black_diff,float64,summarize
summary_TRACT,p_race_aapi_diff,float64,summarize
summary_TRACT,p_race_other_diff,float64,summarize
summary_TRACT,p_hispanic_diff,float64,summarize
summary_TRACT,p_non_hispanic_diff,float64,summarize
summary_TRACT,h_size_1_diff,float64,summarize
summary_TRACT,h_size_2_diff,float64,summarize
summary_TRACT,h_size_3_diff,float64,summarize
summary_TRACT,h_size_4_plus_diff,float64,summarize
summary_TRACT,h_no_veh_diff,float64,summarize
summary_TRACT,h_1ormore_vehpp_diff,float64,summarize
summary_TRACT,h_fewer_vehpp_diff,float64,summarize
summary_TRACT,p_mode_auto_other_diff,float64,summarize
summary_TRACT,p_mode_transit_diff,float64,summarize
summary_TRACT,p_mode_walk_bike_diff,float64,summarize
summary_TRACT,p_mode_wfh_diff,float64,summarize
summary_TRACT,h_children_diff,float64,summarize
summary_TRACT,h_no_children_diff,float64,summarize
summary_TRACT,p_university_diff,float64,summarize
summary_TRACT,p_non_university_diff,float64,summarize
summary_TRACT,h_income_0_25_diff,float64,summarize
summary_TRACT,h_income_25_50_diff,float64,summarize
summary_TRACT,h_income_50_75_diff,float64,summarize
summary_TRACT,h_income_75_100_diff,float64,summarize
summary_TRACT,h_income_100_150_diff,float64,summarize
summary_TRACT,h_income_150plus_diff,float64,summarize
summary_TRACT,p_full_time_diff,float64,summarize
summary_TRACT,p_part_time_diff,float64,summarize
summary_TRACT,p_non_worker_diff,float64,summarize
summary_BG_aggregate,hh_id,int64,summarize
summary_BG_aggregate,PUMA,int64,summarize
summary_BG_aggregate,balanced_weight,float64,summarize
summary_BG_aggregate,integer_weight,int32,summarize
summary_BG_aggregate,sample_weight,int64,summarize
summary_BG_aggregate,PUMA_preliminary_balanced_weight,float64,summarize
summary_BG_aggregate,PUMA_balanced_weight,float64,summarize
summary_BG_aggregate,PUMA_integer_weight,int64,summarize
summary_BG_PUMA,geography,object,summarize
summary_BG_PUMA,id,int64,summarize
summary_BG_PUMA,h_total_control,int32,summarize
summary_BG_PUMA,p_total_control,int32,summarize
summary_BG_PUMA,p_male_control,int32,summarize
summary_BG_PUMA,p_female_control,int32,summarize
summary_BG_PUMA,p_age_0_4_control,int32,summarize
summary_BG_PUMA,p_age_5_17_control,int32,summarize
summary_BG_PUMA,p_age_18_34_control,int32,summarize
summary_BG_PUMA,p_age_35_49_control,int32,summarize
summary_BG_PUMA,p_age_50_64_control,int32,summarize
summary_BG_PUMA,p_age_65plus_control,int32,summarize
summary_BG_PUMA,p_race_white_control,int32,summarize
summary_BG_PUMA,p_race_black_control,int32,summarize
summary_BG_PUMA,p_race_aapi_control,int32,summarize
summary_BG_PUMA,p_race_other_control,int32,summarize
summary_BG_PUMA,p_hispanic_control,int32,summarize
summary_BG_PUMA,p_non_hispanic_control,int32,summarize
summary_BG_PUMA,h_size_1_control,int32,summarize
summary_BG_PUMA,h_size_2_control,int32,summarize
summary_BG_PUMA,h_size_3_control,int32,summarize
summary_BG_PUMA,h_size_4_plus_control,int32,summarize
summary_BG_PUMA,h_no_veh_control,int32,summarize
summary_BG_PUMA,h_1ormore_vehpp_control,int32,summarize
summary_BG_PUMA,h_fewer_vehpp_control,int32,summarize
summary_BG_PUMA,p_mode_auto_other_control,int32,summarize
summary_BG_PUMA,p_mode_transit_control,int32,summarize
summary_BG_PUMA,p_mode_walk_bike_control,int32,summarize
summary_BG_PUMA,p_mode_wfh_control,int32,summarize
summary_BG_PUMA,h_children_control,int32,summarize
summary_BG_PUMA,h_no_children_control,int32,summarize
summary_BG_PUMA,p_university_control,int32,summarize
summary_BG_PUMA,p_non_university_control,int32,summarize
summary_BG_PUMA,h_income_0_25_control,int32,summarize
summary_BG_PUMA,h_income_25_50_control,int32,summarize
summary_BG_PUMA,h_income_50_75_control,int32,summarize
summary_BG_PUMA,h_income_75_100_control,int32,summarize
summary_BG_PUMA,h_income_100_150_control,int32,summarize
summary_BG_PUMA,h_income_150plus_control,int32,summarize
summary_BG_PUMA,p_full_time_control,int32,summarize
summary_BG_PUMA,p_part_time_control,int32,summarize
summary_BG_PUMA,p_non_worker_control,int32,summarize
summary_BG_PUMA,h_total_result,int64,summarize
summary_BG_PUMA,p_total_result,int64,summarize
summary_BG_PUMA,p_male_result,int64,summarize
summary_BG_PUMA,p_female_result,int64,summarize
summary_BG_PUMA,p_age_0_4_result,int64,summarize
summary_BG_PUMA,p_age_5_17_result,int64,summarize
summary_BG_PUMA,p_age_18_34_result,int64,summarize
summary_BG_PUMA,p_age_35_49_result,int64,summarize
summary_BG_PUMA,p_age_50_64_result,int64,summarize
summary_BG_PUMA,p_age_65plus_result,int64,summarize
summary_BG_PUMA,p_race_white_result,int64,summarize
summary_BG_PUMA,p_race_black_result,int64,summarize
summary_BG_PUMA,p_race_aapi_result,int64,summarize
summary_BG_PUMA,p_race_other_result,int64,summarize
summary_BG_PUMA,p_hispanic_result,int64,summarize
summary_BG_PUMA,p_non_hispanic_result,int64,summarize
summary_BG_PUMA,h_size_1_result,int64,summarize
summary_BG_PUMA,h_size_2_result,int64,summarize
summary_BG_PUMA,h_size_3_result,int64,summarize
summary_BG_PUMA,h_size_4_plus_result,int64,summarize
summary_BG_PUMA,h_no_veh_result,int64,summarize
summary_BG_PUMA,h_1ormore_vehpp_result,int64,summarize
summary_BG_PUMA,h_fewer_vehpp_result,int64,summarize
summary_BG_PUMA,p_mode_auto_other_result,int64,summarize
summary_BG_PUMA,p_mode_transit_result,int64,summarize
summary_BG_PUMA,p_mode_walk_bike_result,int64,summarize
summary_BG_PUMA,p_mode_wfh_result,int64,summarize
summary_BG_PUMA,h_children_result,int64,summarize
summary_BG_PUMA,h_no_children_result,int64,summarize
summary_BG_PUMA,p_university_result,int64,summarize
summary_BG_PUMA,p_non_university_result,int64,summarize
summary_BG_PUMA,h_income_0_25_result,int64,summarize
summary_BG_PUMA,h_income_25_50_result,int64,summarize
summary_BG_PUMA,h_income_50_75_result,int64,summarize
summary_BG_PUMA,h_income_75_100_result,int64,summarize
summary_BG_PUMA,h_income_100_150_result,int64,summarize
summary_BG_PUMA,h_income_150plus_result,int64,summarize
summary_BG_PUMA,p_full_time_result,int64,summarize
summary_BG_PUMA,p_part_time_result,int64,summarize
summary_BG_PUMA,p_non_worker_result,int64,summarize
summary_BG_PUMA,h_total_diff,int64,summarize
summary_BG_PUMA,p_total_diff,int64,summarize
summary_BG_PUMA,p_male_diff,int64,summarize
summary_BG_PUMA,p_female_diff,int64,summarize
summary_BG_PUMA,p_age_0_4_diff,int64,summarize
summary_BG_PUMA,p_age_5_17_diff,int64,summarize
summary_BG_PUMA,p_age_18_34_diff,int64,summarize
summary_BG_PUMA,p_age_35_49_diff,int64,summarize
summary_BG_PUMA,p_age_50_64_diff,int64,summarize
summary_BG_PUMA,p_age_65plus_diff,int64,summarize
summary_BG_PUMA,p_race_white_diff,int64,summarize
summary_BG_PUMA,p_race_black_diff,int64,summarize
summary_BG_PUMA,p_race_aapi_diff,int64,summarize
summary_BG_PUMA,p_race_other_diff,int64,summarize
summary_BG_PUMA,p_hispanic_diff,int64,summarize
summary_BG_PUMA,p_non_hispanic_diff,int64,summarize
summary_BG_PUMA,h_size_1_diff,int64,summarize
summary_BG_PUMA,h_size_2_diff,int64,summarize
summary_BG_PUMA,h_size_3_diff,int64,summarize
summary_BG_PUMA,h_size_4_plus_diff,int64,summarize
summary_BG_PUMA,h_no_veh_diff,int64,summarize
summary_BG_PUMA,h_1ormore_vehpp_diff,int64,summarize
summary_BG_PUMA,h_fewer_vehpp_diff,int64,summarize
summary_BG_PUMA,p_mode_auto_other_diff,int64,summarize
summary_BG_PUMA,p_mode_transit_diff,int64,summarize
summary_BG_PUMA,p_mode_walk_bike_diff,int64,summarize
summary_BG_PUMA,p_mode_wfh_diff,int64,summarize
summary_BG_PUMA,h_children_diff,int64,summarize
summary_BG_PUMA,h_no_children_diff,int64,summarize
summary_BG_PUMA,p_university_diff,int64,summarize
summary_BG_PUMA,p_non_university_diff,int64,summarize
summary_BG_PUMA,h_income_0_25_diff,int64,summarize
summary_BG_PUMA,h_income_25_50_diff,int64,summarize
summary_BG_PUMA,h_income_50_75_diff,int64,summarize
summary_BG_PUMA,h_income_75_100_diff,int64,summarize
summary_BG_PUMA,h_income_100_150_diff,int64,summarize
summary_BG_PUMA,h_income_150plus_diff,int64,summarize
summary_BG_PUMA,p_full_time_diff,int64,summarize
summary_BG_PUMA,p_part_time_diff,int64,summarize
summary_BG_PUMA,p_non_worker_diff,int64,summarize
summary_BG,geography,object,summarize
summary_BG,id,int64,summarize
summary_BG,h_total_control,int32,summarize
summary_BG,p_total_control,int32,summarize
summary_BG,p_male_control,int32,summarize
summary_BG,p_female_control,int32,summarize
summary_BG,p_age_0_4_control,int32,summarize
summary_BG,p_age_5_17_control,int32,summarize
summary_BG,p_age_18_34_control,int32,summarize
summary_BG,p_age_35_49_control,int32,summarize
summary_BG,p_age_50_64_control,int32,summarize
summary_BG,p_age_65plus_control,int32,summarize
summary_BG,p_race_white_control,int32,summarize
summary_BG,p_race_black_control,int32,summarize
summary_BG,p_race_aapi_control,int32,summarize
summary_BG,p_race_other_control,int32,summarize
summary_BG,p_hispanic_control,int32,summarize
summary_BG,p_non_hispanic_control,int32,summarize
summary_BG,h_children_control,int32,summarize
summary_BG,h_no_children_control,int32,summarize
summary_BG,p_university_control,int32,summarize
summary_BG,p_non_university_control,int32,summarize
summary_BG,h_income_0_25_control,int32,summarize
summary_BG,h_income_25_50_control,int32,summarize
summary_BG,h_income_50_75_control,int32,summarize
summary_BG,h_income_75_100_control,int32,summarize
summary_BG,h_income_100_150_control,int32,summarize
summary_BG,h_income_150plus_control,int32,summarize
summary_BG,p_full_time_control,int32,summarize
summary_BG,p_part_time_control,int32,summarize
summary_BG,p_non_worker_control,int32,summarize
summary_BG,h_total_result,int64,summarize
summary_BG,p_total_result,int64,summarize
summary_BG,p_male_result,int64,summarize
summary_BG,p_female_result,int64,summarize
summary_BG,p_age_0_4_result,int64,summarize
summary_BG,p_age_5_17_result,int64,summarize
summary_BG,p_age_18_34_result,int64,summarize
summary_BG,p_age_35_49_result,int64,summarize
summary_BG,p_age_50_64_result,int64,summarize
summary_BG,p_age_65plus_result,int64,summarize
summary_BG,p_race_white_result,int64,summarize
summary_BG,p_race_black_result,int64,summarize
summary_BG,p_race_aapi_result,int64,summarize
summary_BG,p_race_other_result,int64,summarize
summary_BG,p_hispanic_result,int64,summarize
summary_BG,p_non_hispanic_result,int64,summarize
summary_BG,h_children_result,int64,summarize
summary_BG,h_no_children_result,int64,summarize
summary_BG,p_university_result,int64,summarize
summary_BG,p_non_university_result,int64,summarize
summary_BG,h_income_0_25_result,int64,summarize
summary_BG,h_income_25_50_result,int64,summarize
summary_BG,h_income_50_75_result,int64,summarize
summary_BG,h_income_75_100_result,int64,summarize
summary_BG,h_income_100_150_result,int64,summarize
summary_BG,h_income_150plus_result,int64,summarize
summary_BG,p_full_time_result,int64,summarize
summary_BG,p_part_time_result,int64,summarize
summary_BG,p_non_worker_result,int64,summarize
summary_BG,h_total_diff,int64,summarize
summary_BG,p_total_diff,int64,summarize
summary_BG,p_male_diff,int64,summarize
summary_BG,p_female_diff,int64,summarize
summary_BG,p_age_0_4_diff,int64,summarize
summary_BG,p_age_5_17_diff,int64,summarize
summary_BG,p_age_18_34_diff,int64,summarize
summary_BG,p_age_35_49_diff,int64,summarize
summary_BG,p_age_50_64_diff,int64,summarize
summary_BG,p_age_65plus_diff,int64,summarize
summary_BG,p_race_white_diff,int64,summarize
summary_BG,p_race_black_diff,int64,summarize
summary_BG,p_race_aapi_diff,int64,summarize
summary_BG,p_race_other_diff,int64,summarize
summary_BG,p_hispanic_diff,int64,summarize
summary_BG,p_non_hispanic_diff,int64,summarize
summary_BG,h_children_diff,int64,summarize
summary_BG,h_no_children_diff,int64,summarize
summary_BG,p_university_diff,int64,summarize
summary_BG,p_non_university_diff,int64,summarize
summary_BG,h_income_0_25_diff,int64,summarize
summary_BG,h_income_25_50_diff,int64,summarize
summary_BG,h_income_50_75_diff,int64,summarize
summary_BG,h_income_75_100_diff,int64,summarize
summary_BG,h_income_100_150_diff,int64,summarize
summary_BG,h_income_150plus_diff,int64,summarize
summary_BG,p_full_time_diff,int64,summarize
summary_BG,p_part_time_diff,int64,summarize
summary_BG,p_non_worker_diff,int64,summarize
summary_hh_weights,hh_id,int64,summarize
summary_hh_weights,PUMA_balanced_weight,float64,summarize
summary_hh_weights,PUMA_integer_weight,int64,summarize
summary_hh_weights,TRACT_balanced_weight,float64,summarize
summary_hh_weights,TRACT_integer_weight,float64,summarize
summary_hh_weights,BG_balanced_weight,float64,summarize
summary_hh_weights,BG_integer_weight,int32,summarize
