process,pid,rss,full_rss,uss,event,children,time
MainProcess,31840,155_140_096,155_140_096,116_547_584,run_multiprocess.start,0,2023/07/07 16:54:57.035895
MainProcess,31840,155_709_440,155_709_440,116_580_352,allocate_shared_skim_buffer.before,0,2023/07/07 16:54:57.053687
MainProcess,31840,155_709_440,155_709_440,116_580_352,allocate_shared_skim_buffer.completed,0,2023/07/07 16:54:57.078812
MainProcess,31840,155_709_440,155_709_440,116_580_352,allocate_shared_shadow_pricing_buffers.completed,0,2023/07/07 16:54:57.100998
MainProcess,31840,155_709_440,155_709_440,116_580_352,allocate_shared_shadow_pricing_buffers_choice.completed,0,2023/07/07 16:54:57.121174
MainProcess,31840,155_807_744,240_029_696,116_658_176,mp_seed_balancing.start,1,2023/07/07 16:54:58.154300
MainProcess,31840,155_856_896,399_646_720,116_678_656,mp_seed_balancing.input_pre_processor.completed,1,2023/07/07 16:55:01.179830
MainProcess,31840,155_856_896,400_683_008,116_678_656,mp_seed_balancing.setup_data_structures.completed,1,2023/07/07 16:55:02.207508
MainProcess,31840,155_856_896,402_673_664,116_678_656,run_sub_simulations.idle,1,2023/07/07 16:55:17.228653
MainProcess,31840,155_918_336,405_184_512,116_727_808,run_sub_simulations.idle,1,2023/07/07 16:55:32.248717
MainProcess,31840,155_918_336,410_607_616,116_727_808,run_sub_simulations.idle,1,2023/07/07 16:55:47.270131
MainProcess,31840,155_918_336,405_131_264,116_727_808,mp_seed_balancing.initial_seed_balancing.completed,1,2023/07/07 16:55:51.288303
MainProcess,31840,155_918_336,405_262_336,116_727_808,mp_seed_balancing.meta_control_factoring.completed,1,2023/07/07 16:55:51.305504
MainProcess,31840,155_918_336,405_504_000,116_727_808,mp_seed_balancing.final_seed_balancing.completed,1,2023/07/07 16:55:51.323142
MainProcess,31840,155_856_896,155_856_896,116_666_368,mp_seed_balancing.integerize_final_seed_weights.completed,0,2023/07/07 16:55:55.339933
MainProcess,31840,155_856_896,155_856_896,116_666_368,mp_seed_balancing.completed,0,2023/07/07 16:55:55.356483
MainProcess,31840,155_856_896,155_856_896,116_666_368,mp_sub_balancing_apportion.start,0,2023/07/07 16:55:55.377611
MainProcess,31840,155_865_088,155_865_088,116_670_464,run_model mp_sub_balancing_apportion completed,0,2023/07/07 16:55:59.398267
MainProcess,31840,155_881_472,242_487_296,116_686_848,mp_sub_balancing_0.start,1,2023/07/07 16:56:00.421340
MainProcess,31840,155_893_760,392_982_528,116_699_136,mp_sub_balancing_1.start,2,2023/07/07 16:56:01.442638
MainProcess,31840,155_893_760,620_285_952,116_699_136,mp_sub_balancing_2.start,3,2023/07/07 16:56:02.464954
MainProcess,31840,155_897_856,801_308_672,116_703_232,mp_sub_balancing_3.start,4,2023/07/07 16:56:03.490210
MainProcess,31840,155_897_856,1_131_266_048,116_703_232,run_sub_simulations.idle,4,2023/07/07 16:56:18.519554
MainProcess,31840,155_897_856,1_131_433_984,116_703_232,run_sub_simulations.idle,4,2023/07/07 16:56:33.549923
MainProcess,31840,155_897_856,1_131_601_920,116_703_232,run_sub_simulations.idle,4,2023/07/07 16:56:48.600253
MainProcess,31840,155_897_856,1_131_368_448,116_703_232,run_sub_simulations.idle,4,2023/07/07 16:57:03.626838
MainProcess,31840,154_697_728,1_086_566_400,113_483_776,run_sub_simulations.idle,4,2023/07/07 16:57:18.671310
MainProcess,31840,154_918_912,1_132_396_544,113_487_872,run_sub_simulations.idle,4,2023/07/07 16:57:33.702926
MainProcess,31840,154_918_912,1_144_664_064,113_487_872,run_sub_simulations.idle,4,2023/07/07 16:57:48.729342
MainProcess,31840,154_918_912,1_144_623_104,113_487_872,run_sub_simulations.idle,4,2023/07/07 16:58:03.757223
MainProcess,31840,154_918_912,1_169_244_160,113_487_872,run_sub_simulations.idle,4,2023/07/07 16:58:18.788174
MainProcess,31840,154_918_912,1_163_448_320,113_487_872,run_sub_simulations.idle,4,2023/07/07 16:58:33.819300
MainProcess,31840,154_918_912,1_164_562_432,113_487_872,run_sub_simulations.idle,4,2023/07/07 16:58:48.847755
MainProcess,31840,154_918_912,1_172_430_848,113_487_872,run_sub_simulations.idle,4,2023/07/07 16:59:03.878955
MainProcess,31840,154_918_912,1_172_430_848,113_487_872,run_sub_simulations.idle,4,2023/07/07 16:59:18.908196
MainProcess,31840,154_918_912,1_172_430_848,113_487_872,run_sub_simulations.idle,4,2023/07/07 16:59:33.935877
MainProcess,31840,154_918_912,1_179_217_920,113_487_872,run_sub_simulations.idle,4,2023/07/07 16:59:48.967209
MainProcess,31840,154_918_912,1_214_820_352,113_487_872,run_sub_simulations.idle,4,2023/07/07 17:00:03.995045
MainProcess,31840,154_918_912,1_208_053_760,113_487_872,run_sub_simulations.idle,4,2023/07/07 17:00:19.022808
MainProcess,31840,154_918_912,1_212_719_104,113_491_968,run_sub_simulations.idle,4,2023/07/07 17:00:34.050770
MainProcess,31840,154_918_912,1_218_019_328,113_491_968,run_sub_simulations.idle,4,2023/07/07 17:00:49.075556
MainProcess,31840,154_918_912,1_218_019_328,113_491_968,run_sub_simulations.idle,4,2023/07/07 17:01:04.099549
MainProcess,31840,154_918_912,1_218_019_328,113_491_968,run_sub_simulations.idle,4,2023/07/07 17:01:19.128524
MainProcess,31840,154_918_912,1_218_019_328,113_491_968,run_sub_simulations.idle,4,2023/07/07 17:01:34.155950
MainProcess,31840,154_923_008,1_218_023_424,113_496_064,run_sub_simulations.idle,4,2023/07/07 17:01:49.203517
MainProcess,31840,154_923_008,1_257_017_344,113_496_064,run_sub_simulations.idle,4,2023/07/07 17:02:04.235272
MainProcess,31840,154_923_008,1_246_429_184,113_496_064,run_sub_simulations.idle,4,2023/07/07 17:02:19.268230
MainProcess,31840,154_923_008,1_246_429_184,113_496_064,run_sub_simulations.idle,4,2023/07/07 17:02:34.292930
MainProcess,31840,154_923_008,1_270_394_880,113_496_064,mp_sub_balancing_0.sub_balancing.geography=TRACT.completed,4,2023/07/07 17:02:44.320481
MainProcess,31840,154_923_008,1_273_020_416,113_496_064,run_sub_simulations.idle,4,2023/07/07 17:02:59.350353
MainProcess,31840,154_923_008,1_273_729_024,113_496_064,run_sub_simulations.idle,4,2023/07/07 17:03:14.381684
MainProcess,31840,154_923_008,1_279_582_208,113_496_064,run_sub_simulations.idle,4,2023/07/07 17:03:29.412006
MainProcess,31840,154_923_008,1_297_711_104,113_496_064,mp_sub_balancing_3.sub_balancing.geography=TRACT.completed,4,2023/07/07 17:03:35.438829
MainProcess,31840,154_923_008,1_298_427_904,113_496_064,run_sub_simulations.idle,4,2023/07/07 17:03:50.467309
MainProcess,31840,154_923_008,1_299_603_456,113_496_064,run_sub_simulations.idle,4,2023/07/07 17:04:05.491356
MainProcess,31840,154_923_008,1_301_782_528,113_496_064,run_sub_simulations.idle,4,2023/07/07 17:04:20.517907
MainProcess,31840,154_923_008,1_321_603_072,113_496_064,mp_sub_balancing_2.sub_balancing.geography=TRACT.completed,4,2023/07/07 17:04:30.541887
MainProcess,31840,154_923_008,1_344_409_600,113_496_064,mp_sub_balancing_1.sub_balancing.geography=TRACT.completed,4,2023/07/07 17:04:39.569571
MainProcess,31840,154_923_008,1_352_048_640,113_500_160,run_sub_simulations.idle,4,2023/07/07 17:04:54.595159
MainProcess,31840,154_923_008,1_356_623_872,113_500_160,run_sub_simulations.idle,4,2023/07/07 17:05:09.619788
MainProcess,31840,154_923_008,1_363_619_840,113_500_160,run_sub_simulations.idle,4,2023/07/07 17:05:24.645305
MainProcess,31840,154_923_008,1_370_537_984,113_500_160,run_sub_simulations.idle,4,2023/07/07 17:05:39.670961
MainProcess,31840,154_923_008,1_376_235_520,113_500_160,run_sub_simulations.idle,4,2023/07/07 17:05:54.701218
MainProcess,31840,154_923_008,1_381_621_760,113_500_160,run_sub_simulations.idle,4,2023/07/07 17:06:09.731134
MainProcess,31840,154_923_008,1_387_905_024,113_500_160,run_sub_simulations.idle,4,2023/07/07 17:06:24.762556
MainProcess,31840,154_923_008,1_393_188_864,113_500_160,run_sub_simulations.idle,4,2023/07/07 17:06:39.789602
MainProcess,31840,154_923_008,1_402_626_048,113_500_160,run_sub_simulations.idle,4,2023/07/07 17:06:54.816977
MainProcess,31840,154_927_104,1_408_774_144,113_504_256,run_sub_simulations.idle,4,2023/07/07 17:07:09.848371
MainProcess,31840,154_927_104,1_413_222_400,113_504_256,run_sub_simulations.idle,4,2023/07/07 17:07:24.879609
MainProcess,31840,154_927_104,1_418_399_744,113_504_256,run_sub_simulations.idle,4,2023/07/07 17:07:39.908954
MainProcess,31840,154_927_104,1_424_576_512,113_504_256,run_sub_simulations.idle,4,2023/07/07 17:07:54.932727
MainProcess,31840,154_927_104,1_431_154_688,113_504_256,run_sub_simulations.idle,4,2023/07/07 17:08:09.961208
MainProcess,31840,154_927_104,1_436_413_952,113_504_256,run_sub_simulations.idle,4,2023/07/07 17:08:24.986463
MainProcess,31840,154_927_104,1_442_189_312,113_504_256,run_sub_simulations.idle,4,2023/07/07 17:08:40.015741
MainProcess,31840,154_927_104,1_447_825_408,113_504_256,run_sub_simulations.idle,4,2023/07/07 17:08:55.042859
MainProcess,31840,154_927_104,1_453_707_264,113_504_256,run_sub_simulations.idle,4,2023/07/07 17:09:10.075822
MainProcess,31840,154_927_104,1_458_462_720,113_504_256,run_sub_simulations.idle,4,2023/07/07 17:09:25.104355
MainProcess,31840,154_927_104,1_464_164_352,113_504_256,run_sub_simulations.idle,4,2023/07/07 17:09:40.127845
MainProcess,31840,154_927_104,1_471_131_648,113_504_256,run_sub_simulations.idle,4,2023/07/07 17:09:55.154846
MainProcess,31840,154_927_104,1_477_881_856,113_504_256,run_sub_simulations.idle,4,2023/07/07 17:10:10.183384
MainProcess,31840,154_927_104,1_481_682_944,113_504_256,run_sub_simulations.idle,4,2023/07/07 17:10:25.211416
MainProcess,31840,154_927_104,1_487_347_712,113_504_256,run_sub_simulations.idle,4,2023/07/07 17:10:40.235909
MainProcess,31840,154_927_104,1_494_536_192,113_504_256,run_sub_simulations.idle,4,2023/07/07 17:10:55.261128
MainProcess,31840,154_927_104,1_498_689_536,113_504_256,run_sub_simulations.idle,4,2023/07/07 17:11:10.288414
MainProcess,31840,154_927_104,1_506_787_328,113_504_256,run_sub_simulations.idle,4,2023/07/07 17:11:25.318508
MainProcess,31840,154_927_104,1_515_585_536,113_504_256,run_sub_simulations.idle,4,2023/07/07 17:11:40.347789
MainProcess,31840,154_927_104,1_520_955_392,113_504_256,run_sub_simulations.idle,4,2023/07/07 17:11:55.372178
MainProcess,31840,154_718_208,1_510_535_168,113_500_160,run_sub_simulations.idle,4,2023/07/07 17:12:10.402077
MainProcess,31840,154_906_624,1_516_949_504,113_496_064,run_sub_simulations.idle,4,2023/07/07 17:12:25.428293
MainProcess,31840,154_923_008,1_524_994_048,113_500_160,run_sub_simulations.idle,4,2023/07/07 17:12:40.456782
MainProcess,31840,154_923_008,1_529_032_704,113_500_160,run_sub_simulations.idle,4,2023/07/07 17:12:55.481149
MainProcess,31840,154_923_008,1_534_910_464,113_500_160,run_sub_simulations.idle,4,2023/07/07 17:13:10.506371
MainProcess,31840,154_923_008,1_196_699_648,113_500_160,mp_sub_balancing_0.sub_balancing.geography=BG.completed,3,2023/07/07 17:13:23.531710
MainProcess,31840,154_927_104,1_196_703_744,113_504_256,mp_sub_balancing_0.completed,3,2023/07/07 17:13:23.550714
MainProcess,31840,154_927_104,1_201_913_856,113_504_256,run_sub_simulations.idle,3,2023/07/07 17:13:38.574067
MainProcess,31840,154_927_104,1_204_408_320,113_504_256,run_sub_simulations.idle,3,2023/07/07 17:13:53.607916
MainProcess,31840,154_927_104,1_208_549_376,113_504_256,run_sub_simulations.idle,3,2023/07/07 17:14:08.636082
MainProcess,31840,154_927_104,1_214_545_920,113_504_256,run_sub_simulations.idle,3,2023/07/07 17:14:23.664841
MainProcess,31840,154_927_104,1_219_805_184,113_504_256,run_sub_simulations.idle,3,2023/07/07 17:14:38.687752
MainProcess,31840,154_927_104,1_224_351_744,113_504_256,run_sub_simulations.idle,3,2023/07/07 17:14:53.711310
MainProcess,31840,154_927_104,865_710_080,113_504_256,mp_sub_balancing_3.sub_balancing.geography=BG.completed,2,2023/07/07 17:15:07.738595
MainProcess,31840,154_927_104,865_710_080,113_504_256,mp_sub_balancing_3.completed,2,2023/07/07 17:15:07.755602
MainProcess,31840,154_927_104,869_580_800,113_504_256,run_sub_simulations.idle,2,2023/07/07 17:15:22.779512
MainProcess,31840,154_927_104,873_803_776,113_504_256,run_sub_simulations.idle,2,2023/07/07 17:15:37.803241
MainProcess,31840,154_927_104,878_010_368,113_504_256,run_sub_simulations.idle,2,2023/07/07 17:15:52.831515
MainProcess,31840,154_927_104,880_226_304,113_504_256,run_sub_simulations.idle,2,2023/07/07 17:16:07.858936
MainProcess,31840,154_927_104,882_356_224,113_504_256,run_sub_simulations.idle,2,2023/07/07 17:16:22.890892
MainProcess,31840,154_927_104,885_497_856,113_504_256,run_sub_simulations.idle,2,2023/07/07 17:16:37.919626
MainProcess,31840,154_927_104,888_070_144,113_504_256,run_sub_simulations.idle,2,2023/07/07 17:16:52.946200
MainProcess,31840,154_927_104,891_473_920,113_504_256,run_sub_simulations.idle,2,2023/07/07 17:17:07.974925
MainProcess,31840,154_927_104,519_327_744,113_504_256,mp_sub_balancing_1.sub_balancing.geography=BG.completed,1,2023/07/07 17:17:16.000715
MainProcess,31840,154_927_104,519_327_744,113_504_256,mp_sub_balancing_1.completed,1,2023/07/07 17:17:16.022714
MainProcess,31840,154_927_104,520_921_088,113_504_256,run_sub_simulations.idle,1,2023/07/07 17:17:31.048164
MainProcess,31840,154_927_104,523_276_288,113_504_256,run_sub_simulations.idle,1,2023/07/07 17:17:46.068577
MainProcess,31840,154_927_104,525_615_104,113_504_256,run_sub_simulations.idle,1,2023/07/07 17:18:01.088801
MainProcess,31840,154_927_104,154_927_104,113_504_256,mp_sub_balancing_2.sub_balancing.geography=BG.completed,0,2023/07/07 17:18:02.102086
MainProcess,31840,154_927_104,154_927_104,113_504_256,mp_sub_balancing_2.completed,0,2023/07/07 17:18:02.116689
MainProcess,31840,154_927_104,154_927_104,113_504_256,mp_sub_balancing_coalesce.start,0,2023/07/07 17:18:02.133729
MainProcess,31840,154_927_104,154_927_104,113_504_256,run_model mp_sub_balancing_coalesce completed,0,2023/07/07 17:18:07.151908
MainProcess,31840,154_935_296,243_109_888,113_512_448,mp_summarize.start,1,2023/07/07 17:18:08.185180
MainProcess,31840,154_935_296,891_174_912,113_512_448,run_sub_simulations.idle,1,2023/07/07 17:18:23.207021
MainProcess,31840,154_935_296,931_586_048,113_512_448,run_sub_simulations.idle,1,2023/07/07 17:18:38.230790
MainProcess,31840,154_935_296,1_149_698_048,113_512_448,mp_summarize.expand_households.completed,1,2023/07/07 17:18:42.248405
MainProcess,31840,154_935_296,1_117_847_552,113_512_448,run_sub_simulations.idle,1,2023/07/07 17:18:57.271155
MainProcess,31840,154_935_296,1_006_657_536,113_512_448,run_sub_simulations.idle,1,2023/07/07 17:19:12.295874
MainProcess,31840,154_935_296,897_024_000,113_512_448,mp_summarize.summarize.completed,1,2023/07/07 17:19:26.317267
MainProcess,31840,154_935_296,854_437_888,113_512_448,mp_summarize.write_synthetic_population.completed,1,2023/07/07 17:19:35.336529
MainProcess,31840,154_935_296,795_697_152,113_512_448,mp_summarize.write_data_dictionary.completed,1,2023/07/07 17:19:37.351629
MainProcess,31840,154_935_296,154_935_296,113_512_448,mp_summarize.write_tables.completed,0,2023/07/07 17:19:39.365393
MainProcess,31840,154_935_296,154_935_296,113_512_448,mp_summarize.completed,0,2023/07/07 17:19:39.382410
