process_name,model_name,seconds,minutes,notes
MainProcess,mp_setup_skims,0.0,0.0,
mp_seed_balancing,input_pre_processor,0.8,0.0,
mp_seed_balancing,setup_data_structures,1.6,0.0,
mp_seed_balancing,initial_seed_balancing,48.3,0.8,
mp_seed_balancing,meta_control_factoring,0.1,0.0,
mp_seed_balancing,final_seed_balancing,0.1,0.0,
mp_seed_balancing,integerize_final_seed_weights,4.5,0.1,
MainProcess,mp_sub_balancing_apportion,4.0,0.1,
mp_sub_balancing_0,sub_balancing.geography=TRACT,401.7,6.7,
mp_sub_balancing_0,sub_balancing.geography=BG,639.2,10.7,
MainProcess,mp_sub_balancing_coalesce,5.0,0.1,
mp_summarize,expand_households,31.8,0.5,
mp_summarize,summarize,43.5,0.7,
mp_summarize,write_synthetic_population,9.9,0.2,
mp_summarize,write_data_dictionary,1.1,0.0,
mp_summarize,write_tables,2.7,0.0,
